,0,1,2,3,4,5,6,7,8,9,10
0,0.05247827148800001,0.7417599999999996,3.4649527253239603,0.8349160063973007,90.87743566267937,86.29047597904952,81.44819408444192,81.44819408444192,86.29047597904952,90.87743566267937,1.0
1,0.08890897715199987,0.7475040000000002,3.202385024187326,0.8229531339513272,71.37065681692548,79.41189507010402,87.65093220764862,87.65093220764862,79.41189507010402,71.37065681692548,1.0
2,0.03690945484799997,0.9040160000000006,3.7474476052216064,0.7791810347904241,111.22746276456755,119.99120907835305,138.32367762887753,138.32367762887753,119.99120907835305,111.22746276456755,1.0
3,0.06544099174400005,1.0272160000000001,3.470856243491745,0.815918678234381,133.9493142074187,137.538779769472,136.3186392914654,136.3186392914654,137.538779769472,133.9493142074187,1.0
4,0.07992050227200012,0.7653120000000001,3.170968027302552,0.8469130057589884,59.84645899468982,69.30384468571373,75.11984141939786,75.11984141939786,69.30384468571373,59.84645899468982,1.0
5,0.07370529792000004,0.6165440000000002,3.300361834723844,0.8616624420654003,110.87993317185864,106.63122217159484,105.38227935122345,105.38227935122345,106.63122217159484,110.87993317185864,1.0
6,0.07144341760000004,0.7972959999999998,3.3436557347320766,0.8166503108318691,94.91373756850236,103.23296909813469,109.97911330683947,109.97911330683947,103.23296909813469,94.91373756850236,1.0
7,0.089700848128,0.9983679999999995,3.223209335091624,0.8068381540596012,75.57240453870389,72.23389036974083,71.16972870363216,71.16972870363216,72.23389036974083,75.57240453870389,1.0
8,0.07881316096000006,0.7692479999999996,3.33323803397966,0.8346407365811904,123.64677723215665,125.34084591865098,129.26906173754594,129.26906173754594,125.34084591865098,123.64677723215665,1.0
9,0.1344373519359998,0.7625440000000002,2.9686579322709434,0.8428427577352267,40.823672010099834,49.17629085816739,58.253723782344395,58.253723782344395,49.17629085816739,40.823672010099834,1.0
10,0.07873257062400002,1.158672,3.386780637620155,0.8313807328370738,95.0393775411283,92.00689088883423,78.15857002300581,78.15857002300581,92.00689088883423,95.0393775411283,1.0
11,0.06675099545599997,0.842064,3.401297096964114,0.8234841772948496,125.87516796928561,125.50791169614699,120.42225421637187,120.42225421637187,125.50791169614699,125.87516796928561,1.0
12,0.082201818112,0.6978239999999999,3.2890327804744497,0.8521850186592376,92.38241300614662,92.50785513064389,86.49086755137392,86.49086755137392,92.50785513064389,92.38241300614662,1.0
13,0.07302311116799999,0.8245919999999998,3.3784767935745417,0.817615793525325,77.27282575757576,76.75958333333334,75.02186174242424,75.02186174242424,76.75958333333334,77.27282575757576,1.0
14,0.038380328448000045,1.5732480000000006,3.8217016715924634,0.7490805216412347,99.1987553327176,120.32953042764363,101.25154667135799,101.25154667135799,120.32953042764363,99.1987553327176,1.0
15,0.068195726848,0.7983199999999998,3.3784920585771174,0.8341780877292333,80.92039420067924,82.29700202146758,83.88847705474784,83.88847705474784,82.29700202146758,80.92039420067924,1.0
16,0.06954389606400009,0.49812799999999985,3.21016013251187,0.8437639790436585,77.29497234791353,80.5206049941344,81.58669348081112,81.58669348081112,80.5206049941344,77.29497234791353,1.0
17,0.09385157683200011,1.1933759999999995,3.365256031055103,0.8063847824353916,93.26446456763765,99.07871631478346,72.14769687599696,72.14769687599696,99.07871631478346,93.26446456763765,1.0
18,0.04209070079999999,1.094656,3.7225766484760334,0.7507662430298548,106.87408514028441,115.33008602261044,96.69840241336223,96.69840241336223,115.33008602261044,106.87408514028441,1.0
19,0.11439013376000005,0.3637919999999999,2.9101394913320835,0.886259926916962,68.0909090909091,84.00080808080808,66.31393939393939,66.31393939393939,84.00080808080808,68.0909090909091,1.0
20,0.03791961548799998,1.4062880000000009,3.77037410078423,0.7959870159470072,135.9073015873016,137.77810437364394,138.69628868333905,138.69628868333905,137.77810437364394,135.9073015873016,1.0
21,0.038861853696,1.2567840000000012,3.760123765322419,0.8115360177008997,123.37029201042259,119.22959607953864,116.15599846832804,116.15599846832804,119.22959607953864,123.37029201042259,1.0
22,0.08288886272,0.5644480000000002,3.225534743735956,0.858413532822402,83.69959154034673,111.65915403467369,94.92564218934375,94.92564218934375,111.65915403467369,83.69959154034673,1.0
23,0.049027638784,0.6488960000000001,3.4966710501429623,0.8061907628127664,93.83145389857083,94.6546412993226,97.43758165993286,97.43758165993286,94.6546412993226,93.83145389857083,1.0
24,0.05851069644799999,0.5771200000000001,3.3515334865428303,0.8301167910764579,85.3834703455227,86.02118491921006,86.69302340231188,86.69302340231188,86.02118491921006,85.3834703455227,1.0
25,0.10146429593599995,0.4819839999999998,2.9886428925534383,0.8818680897933228,61.73836873754957,80.31921508759518,66.70702623201088,66.70702623201088,80.31921508759518,61.73836873754957,1.0
26,0.05549716582399997,1.0039839999999998,3.6877539017370777,0.7765333438853768,90.78166277731358,95.05606520272299,82.8370008253638,82.8370008253638,95.05606520272299,90.78166277731358,1.0
27,0.060030286335999966,0.687968,3.3738139524290025,0.8552535586919884,82.05511932086495,81.74157212881309,83.78580815679555,83.78580815679555,81.74157212881309,82.05511932086495,1.0
28,0.12951365683199986,0.6335200000000001,2.9742603139773607,0.8563677072373737,88.41742766726944,107.20575738916256,136.95000584585645,136.95000584585645,107.20575738916256,88.41742766726944,1.0
29,0.09547274854400004,0.6952960000000005,3.1471516062308247,0.8796533220610698,134.79060601896387,132.18591177683112,128.47226879208466,128.47226879208466,132.18591177683112,134.79060601896387,1.0
30,0.05941912524800001,1.170447999999999,3.541422421652836,0.8248983917509493,121.8895762652705,124.01575706806283,120.1833647469459,120.1833647469459,124.01575706806283,121.8895762652705,1.0
31,0.06654557132800001,0.9850400000000001,3.4300698694452034,0.8256713266863894,119.2238510865693,120.75558425365159,118.07884752404702,118.07884752404702,120.75558425365159,119.2238510865693,1.0
32,0.07380978227200001,0.59264,3.2217492437593127,0.8404923538706127,80.32647855890323,83.98806253452412,90.6781407212157,90.6781407212157,83.98806253452412,80.32647855890323,1.0
33,0.06243021107200002,0.5923040000000003,3.3567084468526494,0.8667378676858957,96.20658605608439,104.56154584053783,92.11179184042216,92.11179184042216,104.56154584053783,96.20658605608439,1.0
34,0.08166425446399998,0.6815840000000002,3.1660597441204246,0.8314851591311148,77.3273824135443,79.43953493561848,72.1311508335007,72.1311508335007,79.43953493561848,77.3273824135443,1.0
35,0.04023572070399996,2.0829599999999977,3.9665433313877148,0.7074537125455455,73.20485600168173,80.2505991170906,87.9133907925163,87.9133907925163,80.2505991170906,73.20485600168173,1.0
36,0.06760745369600009,1.0304160000000007,3.519376740009686,0.8004817364216708,81.08529080094637,75.23399323393059,69.74988391547572,69.74988391547572,75.23399323393059,81.08529080094637,1.0
37,0.07804597913600002,0.6064479999999998,3.1979908603516076,0.8448830885850551,77.17215934586429,80.96165160063052,86.78655447359641,86.78655447359641,80.96165160063052,77.17215934586429,1.0
38,0.06396777728000005,0.7035200000000003,3.4484478754895824,0.8184769743825777,85.01600269438029,100.69503464203233,86.03622016936104,86.03622016936104,100.69503464203233,85.01600269438029,1.0
39,0.12007603711999995,0.6111200000000004,2.9268857176945624,0.8936944775050737,113.82465782840548,113.33881250990598,107.06566320191831,107.06566320191831,113.33881250990598,113.82465782840548,1.0
40,0.16267336703999977,0.5988640000000008,2.7208322438761883,0.8448859808722267,56.08530599565082,56.42089158123641,55.55587138863001,55.55587138863001,56.42089158123641,56.08530599565082,1.0
41,0.05409938995199998,0.81512,3.5681740800517145,0.7962118338910736,93.01846707448722,94.10219863260166,98.52955379632961,98.52955379632961,94.10219863260166,93.01846707448722,1.0
42,0.08146152191999996,0.801312,3.3649115559334706,0.823527124098348,77.07418279569893,82.89856989247312,66.33143010752688,66.33143010752688,82.89856989247312,77.07418279569893,1.0
43,0.086014203904,0.9765599999999997,3.2847785219124512,0.8354707374810645,162.44060476190475,163.46539523809523,161.80496666666667,161.80496666666667,163.46539523809523,162.44060476190475,1.0
44,0.059596987904,0.8280959999999999,3.462921465376675,0.8089940506248633,118.34762787822594,114.80105010633523,111.23833072094547,111.23833072094547,114.80105010633523,118.34762787822594,1.0
45,0.10263862425599996,0.4789920000000005,2.962386097951299,0.8815749686550295,78.90535935285993,88.00462755367424,75.71314548096066,75.71314548096066,88.00462755367424,78.90535935285993,1.0
46,0.065524960256,0.6411999999999998,3.3185116556232424,0.8646981492878316,115.8536270724506,115.55924596865773,110.82067681126505,110.82067681126505,115.55924596865773,115.8536270724506,1.0
47,0.09338394009600005,0.36793600000000004,2.8475330326436494,0.8608498021279195,48.7216902134238,66.70243769771403,52.73265484318862,52.73265484318862,66.70243769771403,48.7216902134238,1.0
48,0.08165859635200005,0.7601759999999997,3.1981501890326833,0.8234958646339974,55.64938425220657,53.73836533206191,55.20874082774179,55.20874082774179,53.73836533206191,55.64938425220657,1.0
49,0.06546853068799999,1.145472000000001,3.452958711895404,0.8350533232868007,105.0160664281714,106.24310859154447,113.2497902689358,113.2497902689358,106.24310859154447,105.0160664281714,1.0
50,0.07196624128000004,1.3308159999999987,3.6472103955209136,0.763718415020296,145.23180869305898,147.69568702005517,140.8406396779244,140.8406396779244,147.69568702005517,145.23180869305898,1.0
51,0.070189182464,0.6304960000000004,3.3359584511969875,0.8514684865451604,113.9585615073374,114.93233166254001,117.42134307627272,117.42134307627272,114.93233166254001,113.9585615073374,1.0
52,0.07305319680000008,0.8871199999999999,3.413904363299236,0.8254413593952095,127.24095730027548,131.9668388429752,134.8266873278237,134.8266873278237,131.9668388429752,127.24095730027548,1.0
53,0.1389110696959997,0.3596479999999998,2.767312080067904,0.8913066509869142,57.11675350084636,66.53898744751478,75.22930818439623,75.22930818439623,66.53898744751478,57.11675350084636,1.0
54,0.1397454551039996,0.5880479999999997,2.830999690258148,0.8488204994859464,47.29079020848846,45.7564687267312,40.753769545793,40.753769545793,45.7564687267312,47.29079020848846,1.0
55,0.07848397363200002,0.3576160000000002,3.0647989479059072,0.9124627071147926,110.25868232890704,109.73678498467824,83.20288559754852,83.20288559754852,109.73678498467824,110.25868232890704,1.0
56,0.04406796799999995,0.7922719999999999,3.6376521468432155,0.8113852343245329,121.95328809115362,117.4680483641658,111.17351787655511,111.17351787655511,117.4680483641658,121.95328809115362,1.0
57,0.11130834175999993,0.5132480000000001,3.079541045783945,0.8684240241053268,131.4212381648753,133.85091655784464,131.1335532355765,131.1335532355765,133.85091655784464,131.4212381648753,1.0
58,0.12216965478400006,0.6682240000000006,3.076087702178099,0.8576760793456691,154.19671749505295,154.87071741745237,148.47909310777428,148.47909310777428,154.87071741745237,154.19671749505295,1.0
59,0.11798043084800001,1.07928,3.244387403098,0.8021600748605998,81.21300779220779,78.49793246753246,71.40662857142857,71.40662857142857,78.49793246753246,81.21300779220779,1.0
60,0.05084082790399995,0.7596959999999999,3.4342101843953166,0.7743319969646553,65.90465315682707,68.56574021791413,67.91750632620197,67.91750632620197,68.56574021791413,65.90465315682707,1.0
61,0.088529222144,0.4425920000000001,2.9248824351370906,0.8730232087856177,50.84207860033947,73.78334508421464,93.63354484919702,93.63354484919702,73.78334508421464,50.84207860033947,1.0
62,0.04313554841600002,0.5800160000000002,3.5571739166647007,0.7965479145505681,108.4903186318849,108.61614928181193,110.38322056996756,110.38322056996756,108.61614928181193,108.4903186318849,1.0
63,0.06977700403199998,0.8971359999999999,3.362780069914613,0.8100161907389254,143.26076857287254,149.9708575813559,142.20581648296482,142.20581648296482,149.9708575813559,143.26076857287254,1.0
64,0.05929951846399999,0.7312319999999998,3.432816323924125,0.831406340238325,82.81357061834767,79.94610425103,79.58320158451221,79.58320158451221,79.94610425103,82.81357061834767,1.0
65,0.06845621657599998,0.8007040000000001,3.414670563143538,0.8284453236932857,118.41890715827935,119.30645407739578,120.42987211426673,120.42987211426673,119.30645407739578,118.41890715827935,1.0
66,0.060075984895999995,0.466528,3.3304113942316604,0.874102009128042,113.0651998326915,112.67685661950298,113.4922259241631,113.4922259241631,112.67685661950298,113.0651998326915,1.0
67,0.050056482303999984,0.6091840000000001,3.531365946971468,0.8217866830057277,113.33904295812941,125.18498621814705,102.43797228628752,102.43797228628752,125.18498621814705,113.33904295812941,1.0
68,0.034748087808,1.1299840000000003,3.833959087065498,0.7641002621379929,121.05937387549479,120.24328844604149,123.29314932415653,123.29314932415653,120.24328844604149,121.05937387549479,1.0
69,0.08223736934399993,1.3111840000000001,3.4308413902260995,0.8116300273064415,143.38907257397918,144.9658827905439,141.0017978178211,141.0017978178211,144.9658827905439,143.38907257397918,1.0
70,0.05341084364799998,0.5686560000000005,3.3742903764724494,0.8068671248232846,87.11467456180785,87.34584973229798,90.59007906960252,90.59007906960252,87.34584973229798,87.11467456180785,1.0
71,0.10994040678400001,0.6970399999999997,3.1506276954900403,0.85721542523473,153.06722503645713,151.96217092639498,143.780729526441,143.780729526441,151.96217092639498,153.06722503645713,1.0
72,0.09181887180800012,1.036704,3.308488620802035,0.8295695568539264,75.05032265194727,75.5428995081937,80.0712566541208,80.0712566541208,75.5428995081937,75.05032265194727,1.0
73,0.11059122790400004,0.6701600000000001,3.0757464817277484,0.8409262223309277,82.51241421556898,77.40441915445504,71.5897613828881,71.5897613828881,77.40441915445504,82.51241421556898,1.0
74,0.08363802214399997,0.289472,2.918449249565115,0.8854867238351471,56.76023543220105,80.04511875172604,63.4209012243395,63.4209012243395,80.04511875172604,56.76023543220105,1.0
75,0.06039293644799998,0.774128,3.4616670294519705,0.8322652671628628,103.76056397166882,108.99215257289974,95.07969193710566,95.07969193710566,108.99215257289974,103.76056397166882,1.0
76,0.05096568063999998,0.9045280000000004,3.5956304996265342,0.8261461256084836,125.89882093898714,122.74229703814191,119.94856879039705,119.94856879039705,122.74229703814191,125.89882093898714,1.0
77,0.12676548863999992,1.1516960000000003,3.1595622198678823,0.8436747038460546,103.35157334882328,98.65506635162377,97.74727388058422,97.74727388058422,98.65506635162377,103.35157334882328,1.0
78,0.05488666931199997,0.7317920000000001,3.4683912565825747,0.8066455399085474,79.37821820304086,83.25624687881687,85.17756598858023,85.17756598858023,83.25624687881687,79.37821820304086,1.0
79,0.11141517516799994,0.5606400000000002,3.135258185141782,0.8708703771819232,89.44685847465857,124.03195818950677,97.20824026908443,97.20824026908443,124.03195818950677,89.44685847465857,1.0
80,0.13083711641599993,0.8431200000000005,3.208419768621373,0.8217247404473902,163.95639683350356,160.99791453864486,157.13644875723529,157.13644875723529,160.99791453864486,163.95639683350356,1.0
81,0.05706552575999997,0.413424,3.333307386521057,0.863613062003179,88.50844192740692,86.75513415296622,81.98417294711932,81.98417294711932,86.75513415296622,88.50844192740692,1.0
82,0.14929810175999983,0.9334400000000009,2.8810562454371316,0.8533435288952942,63.893383576497364,57.972132757898805,60.29669500896433,60.29669500896433,57.972132757898805,63.893383576497364,1.0
83,0.059509890047999996,0.37878400000000007,3.2166100408194724,0.9059948064659654,114.14214847759152,86.30867259664728,76.83706808073897,76.83706808073897,86.30867259664728,114.14214847759152,1.0
84,0.05911281049599998,0.41292800000000013,3.3196617795742442,0.8794729527487273,125.62822423478161,111.08474721999312,107.15295769803967,107.15295769803967,111.08474721999312,125.62822423478161,1.0
85,0.10478956646399999,0.9221280000000005,3.141493490480392,0.8241529796313621,71.61603226784938,75.24243927233377,68.0140597971782,68.0140597971782,75.24243927233377,71.61603226784938,1.0
86,0.07178102476800001,0.517568,3.2546665998475426,0.860553988090569,90.41593646625086,99.0622837807126,85.6571424964016,85.6571424964016,99.0622837807126,90.41593646625086,1.0
87,0.06590998783999995,0.38710400000000017,3.2131635809244226,0.8559918855325914,131.5883204134367,133.91590008613264,119.13626184323859,119.13626184323859,133.91590008613264,131.5883204134367,1.0
88,0.08745259263999995,0.306256,3.001730525976688,0.8992016160450039,70.29791144527987,67.92088554720134,58.36307435254804,58.36307435254804,67.92088554720134,70.29791144527987,1.0
89,0.087281152,0.41952,3.0246507972389556,0.9144742044661857,112.01602693602693,126.31340067340068,105.56289562289562,105.56289562289562,126.31340067340068,112.01602693602693,1.0
90,0.07615666227200002,0.921056,3.3323269514826372,0.8277423884455838,116.56279668692777,117.06896777502537,113.52982965396073,113.52982965396073,117.06896777502537,116.56279668692777,1.0
91,0.08272535910399993,0.5646720000000001,3.2517178403857816,0.843842988517108,83.83103942388333,90.32627779014662,99.24572758667446,99.24572758667446,90.32627779014662,83.83103942388333,1.0
92,0.07364746700800001,0.817024,3.3316071154247773,0.8353373413564517,73.68082880908503,70.27309049349195,71.74859493652141,71.74859493652141,70.27309049349195,73.68082880908503,1.0
93,0.05173267251199997,1.6925600000000003,3.705404355434778,0.7921001237510032,136.92140331493448,139.7297140355035,134.75171106301704,134.75171106301704,139.7297140355035,136.92140331493448,1.0
94,0.08799515699200001,0.477936,3.067996495242723,0.8679464350837713,64.30811051693405,66.13254604872252,68.1148247177659,68.1148247177659,66.13254604872252,64.30811051693405,1.0
95,0.054968729088000025,1.039344,3.62929393906615,0.7641296987454705,113.18015386514173,134.937456288312,109.00703501049081,109.00703501049081,134.937456288312,113.18015386514173,1.0
96,0.080292275712,0.612448,3.2209631324194277,0.8455531625963956,114.93769127450228,118.9372011159839,122.35008924265438,122.35008924265438,118.9372011159839,114.93769127450228,1.0
97,0.13133221887999996,0.5118720000000001,2.9037253631670294,0.8858272962756051,84.07663385288488,87.96406207273722,80.72996171725458,80.72996171725458,87.96406207273722,84.07663385288488,1.0
98,0.07595649177600011,0.9169919999999999,3.455210488688605,0.8246839045236664,114.17754189944134,109.83591884739782,104.62286386356953,104.62286386356953,109.83591884739782,114.17754189944134,1.0
99,0.054473709055999985,1.2084319999999997,3.674457691052962,0.7753814830074838,96.85162201966325,90.33433109103213,83.27561198901405,83.27561198901405,90.33433109103213,96.85162201966325,1.0
100,0.11923329433600002,1.3537599999999999,3.2632224907665517,0.7908186432106719,81.29358176380244,78.08308948346941,70.21319214291488,70.21319214291488,78.08308948346941,81.29358176380244,1.0
101,0.05960458240000006,0.872048,3.4003108398006967,0.8644835267265957,122.21291191645169,118.29571388449696,104.00685747274694,104.00685747274694,118.29571388449696,122.21291191645169,1.0
102,0.057934868991999976,1.001184,3.582118291148756,0.7731690409363292,77.69967091731797,98.98815302344714,102.46359522830112,102.46359522830112,98.98815302344714,77.69967091731797,1.0
103,0.055130083327999985,0.568928,3.402072724879004,0.8232614409470668,88.9918847241867,88.67540664780763,91.82571900047148,91.82571900047148,88.67540664780763,88.9918847241867,1.0
104,0.050527367680000004,0.8551680000000003,3.506740669231866,0.8301804006310349,96.34052105045086,98.05498704806607,95.74336003846044,95.74336003846044,98.05498704806607,96.34052105045086,1.0
105,0.08985242265600007,0.6238240000000004,3.1136740730675303,0.8646312536310947,65.81998273381295,67.76400191846523,66.03135539568345,66.03135539568345,67.76400191846523,65.81998273381295,1.0
106,0.0900893905920001,0.6543520000000003,3.1736639380489766,0.8550858408185675,73.91552356308632,74.43676214453892,86.77859424068949,86.77859424068949,74.43676214453892,73.91552356308632,1.0
107,0.05162370150400001,0.72416,3.450691009188039,0.7896550954139656,71.99153436053665,73.27060265198118,72.40549143671764,72.40549143671764,73.27060265198118,71.99153436053665,1.0
108,0.06286858137600002,1.2620479999999998,3.46854810698236,0.8353372867297495,129.22268783126418,123.22780083128802,118.15275683293562,118.15275683293562,123.22780083128802,129.22268783126418,1.0
109,0.059623796223999985,0.93,3.5147909251737133,0.7835348329515285,101.94016499097705,102.35358124946292,97.45412262610638,97.45412262610638,102.35358124946292,101.94016499097705,1.0
110,0.07115129753600001,0.7088000000000003,3.2971312548853806,0.8463620725382622,90.1308908658063,89.206304974314,89.2984588397444,89.2984588397444,89.206304974314,90.1308908658063,1.0
111,0.05076177561599998,0.8899360000000005,3.4975251836944716,0.7990949815611095,110.67952097490358,110.64571877171944,112.20928628789761,112.20928628789761,110.64571877171944,110.67952097490358,1.0
112,0.104099536896,0.32513600000000004,2.9703834251424217,0.9178021808243826,177.17634845407358,151.64292484766418,85.4132701421801,85.4132701421801,151.64292484766418,177.17634845407358,1.0
113,0.066522337792,0.6609919999999997,3.303633534354615,0.8469299054371423,83.21905674313057,95.85345104419777,73.35835625822888,73.35835625822888,95.85345104419777,83.21905674313057,1.0
114,0.05827603455999998,0.6326240000000002,3.3976713749280836,0.8443706195593238,82.96483375959079,94.34675283156741,81.94325447570333,81.94325447570333,94.34675283156741,82.96483375959079,1.0
115,0.05912908236800001,0.711376,3.467260185115848,0.8128718932427953,102.49954150759787,125.56716445841755,95.8453477056666,95.8453477056666,125.56716445841755,102.49954150759787,1.0
116,0.08894590873600011,0.6639680000000004,3.228658627385362,0.8635120150597897,78.85416966211359,109.25583752695903,92.00620416966211,92.00620416966211,109.25583752695903,78.85416966211359,1.0
117,0.13937317478399988,0.25995199999999996,2.532644055266882,0.9234048175712354,48.69452244897959,57.62737142857143,36.78885714285714,36.78885714285714,57.62737142857143,48.69452244897959,1.0
118,0.20880690534400004,1.4439040000000012,2.742488974610139,0.854417828911457,154.5518157841347,188.3130706025563,208.1630503144654,208.1630503144654,188.3130706025563,154.5518157841347,1.0
119,0.433504487424,0.38982400000000006,1.7053224249691379,0.9298100452674816,188.5017251293847,211.19318710808074,226.3658506530847,226.3658506530847,211.19318710808074,188.5017251293847,1.0
120,0.06882904883199999,1.2384319999999993,3.469661812613505,0.8367523141275627,111.35774305916006,108.04200909489371,107.01621019181748,107.01621019181748,108.04200909489371,111.35774305916006,1.0
121,0.04004729088000001,0.930064,3.739789720472308,0.7827259399760781,123.3617994291645,120.30225090814739,120.19663012454592,120.19663012454592,120.30225090814739,123.3617994291645,1.0
122,0.03925915545599997,1.1057759999999999,3.79177037999059,0.7674386466248021,100.92946242533685,99.67410751493263,100.70400055563273,100.70400055563273,99.67410751493263,100.92946242533685,1.0
123,0.049171971584,0.6839360000000003,3.532772229240664,0.7964576909084664,96.67818533934559,97.49660726673604,101.2112852641924,101.2112852641924,97.49660726673604,96.67818533934559,1.0
124,0.06897425100800002,1.1024799999999995,3.473960100946803,0.7958522361644425,85.54282302020891,88.94328018691353,89.70853330424666,89.70853330424666,88.94328018691353,85.54282302020891,1.0
125,0.08935263846400004,0.38329600000000025,2.9426809321599263,0.883688292058212,53.4890323669244,60.85662673323342,66.06217308016794,66.06217308016794,60.85662673323342,53.4890323669244,1.0
126,0.099197799936,0.47574400000000006,2.9414769102372955,0.8902703600810712,77.84205382482764,85.18737826345563,92.59374754236298,92.59374754236298,85.18737826345563,77.84205382482764,1.0
127,0.05439729715199996,0.750832,3.512870814343567,0.8437981054389642,111.1007371007371,110.14265505174596,107.16000297818479,107.16000297818479,110.14265505174596,111.1007371007371,1.0
128,0.05796670361599999,0.7030079999999996,3.4423720444697268,0.8411079058232926,93.80874091209517,119.58446794448116,81.00789821546596,81.00789821546596,119.58446794448116,93.80874091209517,1.0
129,0.09120998195200007,0.6363679999999999,3.12035001825806,0.8420027555533811,60.52244195652504,61.51276424288806,63.19359735237622,63.19359735237622,61.51276424288806,60.52244195652504,1.0
130,0.09569623552000006,0.7925120000000001,3.1290839580190153,0.8323255692563023,79.0290283877264,79.4401343322139,80.81589253422888,80.81589253422888,79.4401343322139,79.0290283877264,1.0
131,0.06652659097600003,0.9101440000000005,3.5365729314484393,0.8126539630282424,89.52352563052219,97.56448909111533,82.3079948070936,82.3079948070936,97.56448909111533,89.52352563052219,1.0
132,0.07249709977600004,0.4402560000000003,3.174253606089179,0.8637986960890294,109.64386986370047,110.42955406859764,95.83611302365689,95.83611302365689,110.42955406859764,109.64386986370047,1.0
133,0.059383826944000004,0.767552,3.3712611182138272,0.791186574949248,73.3543748911029,75.61258771165635,74.88314748229928,74.88314748229928,75.61258771165635,73.3543748911029,1.0
134,0.10092026470400002,0.67792,3.2205932688732877,0.8542876224718345,106.2887204024046,110.63758802600908,113.29301680775365,113.29301680775365,110.63758802600908,106.2887204024046,1.0
135,0.04782817996800002,0.8297120000000002,3.522959962134192,0.836968286381491,84.67859685176818,110.46714659766884,108.3779933271846,108.3779933271846,110.46714659766884,84.67859685176818,1.0
136,0.06689196441600002,0.9860640000000004,3.443143043118665,0.8011386153729232,82.01127474280058,80.16024417741359,80.03953112908485,80.03953112908485,80.16024417741359,82.01127474280058,1.0
137,0.05261719091199997,0.7790720000000001,3.5268118866027547,0.8243589852543902,95.73586147421932,97.13916122004358,104.94492102396514,104.94492102396514,97.13916122004358,95.73586147421932,1.0
138,0.08950588979199998,0.9295520000000006,3.1951507137133293,0.8291362907200152,71.34354465054707,73.98643896137038,74.21557705189959,74.21557705189959,73.98643896137038,71.34354465054707,1.0
139,0.045357218816,0.52984,3.4864467656065816,0.8685212963561685,132.83944534741974,115.23587972368956,111.70890898008939,111.70890898008939,115.23587972368956,132.83944534741974,1.0
140,0.10198348134400008,1.1292799999999998,3.209147572763569,0.8427267876372538,82.52225397581435,82.1681330651919,79.78311855556437,79.78311855556437,82.1681330651919,82.52225397581435,1.0
141,0.06238829414399992,1.3930719999999996,3.5742385321789123,0.7875464456016847,54.38971230381516,94.74801008059485,93.72334506075804,93.72334506075804,94.74801008059485,54.38971230381516,1.0
142,0.048230002688000054,1.0239520000000002,3.5985524492666094,0.8206326412491028,109.87287956634275,119.53695211636521,100.59915570124456,100.59915570124456,119.53695211636521,109.87287956634275,1.0
143,0.07207386982399995,0.44268800000000025,3.1777633156070983,0.8534192970116656,92.45187165775401,109.0602700096432,92.30689927237661,92.30689927237661,109.0602700096432,92.45187165775401,1.0
144,0.13108759756799976,0.28183999999999976,2.647827854050433,0.9082451154976625,77.9287324206984,75.79236343366779,73.90265862052252,73.90265862052252,75.79236343366779,77.9287324206984,1.0
145,0.07230942617600003,1.0144320000000002,3.4645975531883537,0.8267453293739571,102.18823760266868,98.61492585428756,91.18173828946261,91.18173828946261,98.61492585428756,102.18823760266868,1.0
146,0.05714430822400001,0.7495520000000006,3.4496466101796477,0.8347797137493917,91.06620897079051,95.99221081665888,106.63096419858819,106.63096419858819,95.99221081665888,91.06620897079051,1.0
147,0.07512265471999999,1.2001599999999997,3.5603632019084133,0.7856986214738537,133.12599875710228,134.19216086647728,126.11674360795455,126.11674360795455,134.19216086647728,133.12599875710228,1.0
148,0.08010648012800017,1.0125920000000002,3.4289451954917585,0.8264763683390081,114.46501173699298,112.62392980212441,112.86057982658217,112.86057982658217,112.62392980212441,114.46501173699298,1.0
149,0.040121861120000005,1.33272,3.8689986792723836,0.7264328210665231,109.39319953645175,114.56005056890012,103.12307732827644,103.12307732827644,114.56005056890012,109.39319953645175,1.0
150,0.061099790336000014,1.5233439999999994,3.6752199852746723,0.781689976724156,154.34626110731375,159.0088995215311,151.69867224880383,151.69867224880383,159.0088995215311,154.34626110731375,1.0
151,0.07131098316799997,0.4826880000000002,3.2526164921208593,0.8924800071895147,132.67558823529413,143.695,167.66166666666666,167.66166666666666,143.695,132.67558823529413,1.0
152,0.14331638374399988,0.2665439999999999,2.7176638423501727,0.9039403926134278,98.79195706618962,106.84013357185451,96.024496124031,96.024496124031,106.84013357185451,98.79195706618962,1.0
153,0.08263339212799993,0.74104,3.2097699751579594,0.8685520085648545,97.65430476724359,97.94731740359236,94.971936094177,94.971936094177,97.94731740359236,97.65430476724359,1.0
154,0.0973515207680001,0.31408,2.9942357765299352,0.8936341919041203,68.44477346757478,77.88343944329286,99.14482158720759,99.14482158720759,77.88343944329286,68.44477346757478,1.0
155,0.09657276262400002,0.4890560000000004,3.0282817476961363,0.8706332497092086,59.77299067775258,58.73283981390124,63.89397217750544,63.89397217750544,58.73283981390124,59.77299067775258,1.0
156,0.07173768704000007,0.35476800000000025,3.150207067453083,0.8802362743108717,68.26701256693596,66.60965889745256,63.986488996192776,63.986488996192776,66.60965889745256,68.26701256693596,1.0
157,0.09007881216000008,0.2912480000000001,2.9915809011698213,0.916366073034715,84.2784352399737,82.58323471400395,87.830966469428,87.830966469428,82.58323471400395,84.2784352399737,1.0
158,0.053818281472,0.7663360000000004,3.4849553527770336,0.8063734770600464,76.78382995169082,78.72625056360708,78.45725603864734,78.45725603864734,78.72625056360708,76.78382995169082,1.0
159,0.08656377497600001,1.392256,3.3970092428484127,0.8096152573856299,157.01128250433456,160.663282045095,158.04056486467027,158.04056486467027,160.663282045095,157.01128250433456,1.0
160,0.08391763251199998,0.537264,3.1392512155680223,0.8798984153641866,107.68755603257782,107.15850748153292,102.40631352989456,102.40631352989456,107.15850748153292,107.68755603257782,1.0
161,0.061070527487999966,0.8397919999999998,3.3999709058055063,0.8314257945330304,113.75685916583693,120.56832890806506,126.04267618099347,126.04267618099347,120.56832890806506,113.75685916583693,1.0
162,0.11025205760000004,0.3533759999999999,2.8395461746522153,0.8906470878219397,81.40827231347714,89.79374628933307,76.4085163929019,76.4085163929019,89.79374628933307,81.40827231347714,1.0
163,0.07719075788800002,0.5170400000000003,3.1561615364439066,0.8668793169132931,90.34635108104321,95.63200682048864,102.31092998169595,102.31092998169595,95.63200682048864,90.34635108104321,1.0
164,0.07548503603200006,0.430208,3.2177558180383117,0.8663922860315522,101.37275228885609,105.50269132850008,109.47578402821915,109.47578402821915,105.50269132850008,101.37275228885609,1.0
165,0.09127501670400007,0.28608,2.979558892093363,0.908815106723737,78.34270728008089,99.74829373104146,69.11343528816987,69.11343528816987,99.74829373104146,78.34270728008089,1.0
166,0.06568184115199999,2.0073119999999984,3.5736546933022058,0.7986620733059482,137.14610631967395,141.4272587411117,131.84576673313543,131.84576673313543,141.4272587411117,137.14610631967395,1.0
167,0.07035329279999997,0.6906079999999999,3.290173980569833,0.840213010735346,106.5586504961307,110.89529727659936,115.61293414390863,115.61293414390863,110.89529727659936,106.5586504961307,1.0
168,0.065902445568,1.264864,3.5705395019056088,0.7842103070597183,90.79660164792253,96.44448756248048,87.79349226804123,87.79349226804123,96.44448756248048,90.79660164792253,1.0
169,0.09474342041600005,0.4277279999999999,2.8985073391652367,0.872846881115324,53.99836899727515,78.749968258929,75.56658300045902,75.56658300045902,78.749968258929,53.99836899727515,1.0
170,0.10068320716799993,0.45671999999999985,3.0970700668303692,0.8625662534425824,98.05627452617517,106.50904233113468,90.95715120647908,90.95715120647908,106.50904233113468,98.05627452617517,1.0
171,0.04870677247999997,0.7025600000000001,3.5309755370268032,0.8068170437079619,101.01254792826221,99.51111317254174,101.2278169449598,101.2278169449598,99.51111317254174,101.01254792826221,1.0
172,0.05683399577600002,0.6326720000000001,3.328307071122801,0.8758453678746152,132.18517945544554,142.85535272277227,164.0728650990099,164.0728650990099,142.85535272277227,132.18517945544554,1.0
173,0.06224737331200004,1.1020320000000001,3.472945070294447,0.8266615287853181,77.66209693227482,92.70571155542487,80.86238116240321,80.86238116240321,92.70571155542487,77.66209693227482,1.0
174,0.09600287180800007,0.9228959999999997,3.2067333658293617,0.8538950514724251,99.7401051051051,97.17152152152153,96.28187187187187,96.28187187187187,97.17152152152153,99.7401051051051,1.0
175,0.07415802675200002,1.01128,3.3433184657982493,0.8377612132469746,138.83455506540503,136.73743419865855,130.3764410698765,130.3764410698765,136.73743419865855,138.83455506540503,1.0
176,0.08414525747200009,1.3957280000000007,3.544114572385664,0.7748883488742357,100.50768015068732,89.72562716500133,61.73689968585307,61.73689968585307,89.72562716500133,100.50768015068732,1.0
177,0.08710000230399999,0.74872,3.2825848227361423,0.8427927710551596,129.55816000706767,134.38287856223337,137.7546018754575,137.7546018754575,134.38287856223337,129.55816000706767,1.0
178,0.053606521344000006,0.525248,3.3824383352903356,0.8354258540198116,100.25064644607843,100.26539522058823,99.12863664215686,99.12863664215686,100.26539522058823,100.25064644607843,1.0
179,0.071878898176,0.999392,3.4023240569655684,0.8156843600891261,107.59779092662541,102.82361568753517,99.28034336574781,99.28034336574781,102.82361568753517,107.59779092662541,1.0
180,0.07438423347199999,1.07312,3.354410656241148,0.824077320440784,94.73989769658054,99.09408124394842,84.92532264434593,84.92532264434593,99.09408124394842,94.73989769658054,1.0
181,0.1266859274239999,0.5420800000000001,2.8481413890535476,0.8928565870975705,106.6617447045708,105.21421404682275,103.31290969899665,103.31290969899665,105.21421404682275,106.6617447045708,1.0
182,0.07022477567999999,0.7148640000000004,3.282833882798874,0.8247196832872684,83.72713822673428,84.46693720152163,88.22072865666702,88.22072865666702,84.46693720152163,83.72713822673428,1.0
183,0.03921187584000001,0.643904,3.6416511072227205,0.8233390184566463,120.6408442410579,126.31440324371614,112.22589925636798,112.22589925636798,126.31440324371614,120.6408442410579,1.0
184,0.1625847582719996,0.7374080000000007,2.8529406578464975,0.8816408075000445,76.79157129245293,77.38239127339635,76.36126474421457,76.36126474421457,77.38239127339635,76.79157129245293,1.0
185,0.06678427955200003,0.8933600000000005,3.400098532820955,0.8223041315299012,109.27343946605394,116.43767383336069,108.92973357404672,108.92973357404672,116.43767383336069,109.27343946605394,1.0
186,0.07825128140799999,0.4509280000000001,3.2198582166790666,0.8646075629877368,82.13617597729325,104.64807766739776,76.57041026964262,76.57041026964262,104.64807766739776,82.13617597729325,1.0
187,0.046412402176000005,1.0422719999999994,3.6215609841647316,0.812214774511971,107.7655558590549,118.42549228973704,102.64596359663281,102.64596359663281,118.42549228973704,107.7655558590549,1.0
188,0.06942428825599994,0.4848320000000002,3.2167661537892536,0.8697520993616233,77.17744793974302,84.09689853788214,94.308203050826,94.308203050826,84.09689853788214,77.17744793974302,1.0
189,0.07716417587200003,0.9164160000000002,3.4223723401501287,0.8287295650083373,126.28746388232204,130.7423187162966,134.1243259321065,134.1243259321065,130.7423187162966,126.28746388232204,1.0
190,0.079990127616,0.6817920000000004,3.257920477445462,0.8433484898618073,103.71066113205565,106.00533976118854,103.11667345357101,103.11667345357101,106.00533976118854,103.71066113205565,1.0
191,0.05642340096000004,0.7508160000000001,3.4648995643330647,0.8410560836616071,117.49309087594567,118.95651262419105,117.35167259137727,117.35167259137727,118.95651262419105,117.49309087594567,1.0
192,0.10597747609599996,0.358,2.891632031916009,0.8826476868064803,53.84164754953076,64.98175182481752,75.2962252346194,75.2962252346194,64.98175182481752,53.84164754953076,1.0
193,0.05566124492799998,0.6112000000000005,3.4451961043913713,0.8424668383209895,151.78253384687207,147.2106821895425,140.5764618347339,140.5764618347339,147.2106821895425,151.78253384687207,1.0
194,0.12926192025599995,0.4788640000000002,2.8648915411326352,0.8908779855983303,77.66022854710509,76.62719685993304,76.57594361631591,76.57594361631591,76.62719685993304,77.66022854710509,1.0
195,0.12087125043200003,0.31062400000000007,2.8369170086413895,0.8918487017928332,56.31552795031056,67.59327122153209,74.66700310559006,74.66700310559006,67.59327122153209,56.31552795031056,1.0
196,0.051336869888000014,1.2301279999999999,3.6821678519179866,0.7747582373889454,96.59105093859523,107.46917758893849,111.7606462144126,111.7606462144126,107.46917758893849,96.59105093859523,1.0
197,0.12073008742400013,1.2236319999999996,3.174368556870572,0.8325057415278132,79.6774050353357,78.4730609540636,77.3336925795053,77.3336925795053,78.4730609540636,79.6774050353357,1.0
198,0.11151592960000002,0.324576,2.7600113404711446,0.8900100216314049,87.8050912144111,94.76559041294557,83.30876777854108,83.30876777854108,94.76559041294557,87.8050912144111,1.0
199,0.10195288832000007,0.5912160000000004,2.8357018211826257,0.8200424352784885,74.4877366255144,68.00984805318139,67.08362456473567,67.08362456473567,68.00984805318139,74.4877366255144,1.0
200,0.10859126169599999,0.48217600000000027,2.8892287801835574,0.8882812472008045,91.63243005767379,91.58259722131343,91.0975406847945,91.0975406847945,91.58259722131343,91.63243005767379,1.0
201,0.07158452787200012,1.5072959999999995,3.521685394102468,0.7946249558784786,80.61915064414222,86.76799805957829,74.76893909928131,74.76893909928131,86.76799805957829,80.61915064414222,1.0
202,0.066692325376,0.6736000000000002,3.366546005619472,0.8347662470627599,82.11931159230075,83.33842575578963,84.56740022367842,84.56740022367842,83.33842575578963,82.11931159230075,1.0
203,0.06588208947199996,0.8086559999999997,3.3325208396087973,0.8690797750698707,114.46061609143811,109.44752812245775,96.46262339127698,96.46262339127698,109.44752812245775,114.46061609143811,1.0
204,0.06746853683200008,1.0235520000000007,3.4925546352472563,0.8108870887638505,84.5701754385965,85.92723310354889,76.84035877983247,76.84035877983247,85.92723310354889,84.5701754385965,1.0
205,0.05489016883199997,0.8221280000000004,3.517470880407666,0.8258411124666748,128.19778611657458,121.26412206566467,108.1099154857722,108.1099154857722,121.26412206566467,128.19778611657458,1.0
206,0.09041145548800002,0.7298399999999999,3.176476103344352,0.8633953698733793,136.0672442443896,134.60060016456126,128.87375570721005,128.87375570721005,134.60060016456126,136.0672442443896,1.0
207,0.07192033382400005,0.4423200000000001,3.229984806477681,0.8763271749737068,114.4180052956752,75.71460723742277,71.54227714033539,71.54227714033539,75.71460723742277,114.4180052956752,1.0
208,0.09301114521600007,0.5920479999999998,3.142363439834505,0.8438088944894215,58.31214546656142,58.07564527380537,57.1810507040185,57.1810507040185,58.07564527380537,58.31214546656142,1.0
209,0.057557572607999985,0.7743199999999998,3.495420961073455,0.8354155793078146,108.36150284232883,104.87906827836082,103.84833364567716,103.84833364567716,104.87906827836082,108.36150284232883,1.0
210,0.05803325337599998,1.5319200000000002,3.517283677067642,0.8083472404978219,122.98014040333813,126.9115057941986,117.46108831112787,117.46108831112787,126.9115057941986,122.98014040333813,1.0
211,0.08532337561599998,0.737968,3.3159352339942543,0.8471571556500829,143.0576316810554,142.57718377146182,133.07710495683384,133.07710495683384,142.57718377146182,143.0576316810554,1.0
212,0.15094553241599984,0.312304,2.510171606789476,0.9177756502580408,44.096264475861034,46.47536283651677,37.4811437810197,37.4811437810197,46.47536283651677,44.096264475861034,1.0
213,0.07516278835199999,0.812048,3.368478629798827,0.8249667120544529,116.2150197066615,119.88587193900626,122.75961232797054,122.75961232797054,119.88587193900626,116.2150197066615,1.0
214,0.07983237734400003,0.7583680000000002,3.1621028810471303,0.8671749717385764,80.79105032208726,76.43564884625229,71.17554295370516,71.17554295370516,76.43564884625229,80.79105032208726,1.0
215,0.052447241728,0.8740160000000001,3.51740323287853,0.7939987718877152,131.33748096749073,145.44553564164255,127.89084289317387,127.89084289317387,145.44553564164255,131.33748096749073,1.0
216,0.09075800678400003,0.5420799999999999,3.022541004571083,0.8635987048129035,51.2188434808034,77.56777850250782,43.14376644699849,43.14376644699849,77.56777850250782,51.2188434808034,1.0
217,0.050160824831999976,0.8152640000000002,3.5683203052816985,0.8273831398459749,116.50638266190167,113.62333495776478,112.00511019059995,112.00511019059995,113.62333495776478,116.50638266190167,1.0
218,0.08263490508800013,0.5776000000000002,3.184180443416962,0.8776168605513376,103.65357598517127,110.7541765966154,105.67568787462989,105.67568787462989,110.7541765966154,103.65357598517127,1.0
219,0.03698411519999999,1.5365759999999997,3.840452082125448,0.7947729014051886,117.22910359989008,114.60120912338554,114.59142731519648,114.59142731519648,114.60120912338554,117.22910359989008,1.0
220,0.07822003097599997,0.36772799999999983,3.067625514089167,0.8936098096397687,91.87098039215687,96.05764705882353,73.58033613445379,73.58033613445379,96.05764705882353,91.87098039215687,1.0
221,0.05559046502399996,0.54904,3.3460645126358406,0.8867458248713984,124.96188111581715,91.55586388199211,91.85095662333869,91.85095662333869,91.55586388199211,124.96188111581715,1.0
222,0.03842346393599997,0.8002719999999998,3.622195959473274,0.7542958343842483,79.59143157278062,79.43371412987486,78.75708311869337,78.75708311869337,79.43371412987486,79.59143157278062,1.0
223,0.05250961920000001,0.940976,3.5637052534555127,0.7794538363898739,83.62527325050499,89.81753784000664,98.80745870112621,98.80745870112621,89.81753784000664,83.62527325050499,1.0
224,0.09731949260800006,0.5637440000000002,3.145206303033192,0.8588785140760674,73.13371917941018,82.95997293852177,98.3848202708073,98.3848202708073,82.95997293852177,73.13371917941018,1.0
225,0.08839193139200001,0.4859200000000001,3.0158880151790894,0.8875598206863394,85.00733084418542,137.18183225571443,119.31323194608869,119.31323194608869,137.18183225571443,85.00733084418542,1.0
226,0.11411176396800002,0.33737599999999984,2.7763369920785452,0.9222216808984153,80.4148973198747,76.23724329968674,76.86787330316741,76.86787330316741,76.23724329968674,80.4148973198747,1.0
227,0.07989657548799994,1.2514720000000004,3.378807040102244,0.8209916824468855,133.65725178960474,134.0678960473078,125.55219421101773,125.55219421101773,134.0678960473078,133.65725178960474,1.0
228,0.10743356057600005,0.58792,3.1853137381777428,0.844508674966369,59.701665880873804,151.05088794593746,100.08785164230709,100.08785164230709,151.05088794593746,59.701665880873804,1.0
229,0.06057629030400002,0.7199359999999996,3.3797461757160465,0.8147459129548977,79.05434523809524,79.94010822510822,81.32016774891775,81.32016774891775,79.94010822510822,79.05434523809524,1.0
230,0.060475290624,0.5269280000000001,3.2938697414572786,0.8885746440700116,136.265639589169,146.64822595704948,168.96475256769375,168.96475256769375,146.64822595704948,136.265639589169,1.0
231,0.07803838003199995,0.988208000000001,3.317246067096446,0.8285126563513964,127.86796708880696,126.82590181394076,122.71962296133235,122.71962296133235,126.82590181394076,127.86796708880696,1.0
232,0.07315550208000005,0.7548320000000001,3.2290155497580435,0.8272322717481807,64.89345533498759,83.6136253489454,69.94037718413979,69.94037718413979,83.6136253489454,64.89345533498759,1.0
233,0.06695545395199995,0.3134559999999999,3.117213378770818,0.8946717424581142,91.47758014513587,87.30644798143369,81.4229377024195,81.4229377024195,87.30644798143369,91.47758014513587,1.0
234,0.12561407897599997,0.2724959999999999,2.7581284412753364,0.9023962866772655,82.56899153540057,138.69917900770653,104.18376049115095,104.18376049115095,138.69917900770653,82.56899153540057,1.0
235,0.085858180608,0.7455999999999999,3.1776719646638862,0.8292399503765752,79.89083646352893,92.29570287580876,100.44381752027556,100.44381752027556,92.29570287580876,79.89083646352893,1.0
236,0.04746271795199999,0.6137759999999998,3.4016590766788957,0.8031278627173781,125.68015727054421,149.7388644257497,111.32653132537085,111.32653132537085,149.7388644257497,125.68015727054421,1.0
237,0.07815480985600003,1.6104319999999996,3.5140770299216544,0.8070104181180582,140.7063995584989,143.70306181015454,136.7713289183223,136.7713289183223,143.70306181015454,140.7063995584989,1.0
238,0.061506717184,0.9130240000000005,3.4672345493722085,0.8194262255769609,112.30392285714285,116.97032,120.40983714285714,120.40983714285714,116.97032,112.30392285714285,1.0
239,0.07963771801599998,0.9716480000000008,3.403489143534911,0.8108628657820426,160.1827115716753,160.50098445595856,153.96799654576856,153.96799654576856,160.50098445595856,160.1827115716753,1.0
240,0.051796959743999976,1.261088,3.7163232447348653,0.7657892069177376,88.64623303949529,82.78587902947022,73.63296441534872,73.63296441534872,82.78587902947022,88.64623303949529,1.0
241,0.07412890009599996,1.1003040000000004,3.3901656489990666,0.8415284832169664,105.30323914037494,103.39062459990855,88.71365706447187,88.71365706447187,103.39062459990855,105.30323914037494,1.0
242,0.06080976691200003,0.6980160000000001,3.4479372919334272,0.8221829124297215,88.55443744318003,99.98967052258692,77.34375685758174,77.34375685758174,99.98967052258692,88.55443744318003,1.0
243,0.10093874688000007,0.6368639999999998,3.1901945373883405,0.855023268113,108.16308210784314,109.00844669117647,110.80376531862746,110.80376531862746,109.00844669117647,108.16308210784314,1.0
244,0.11241758617599999,0.3037600000000001,2.8100159038738184,0.9090435839452122,203.339015648221,181.56901827082788,113.3324154209284,113.3324154209284,181.56901827082788,203.339015648221,1.0
245,0.055169883647999976,0.6698240000000005,3.4492158979920284,0.8399052928741834,132.94787486144554,102.08604900049689,93.91538814356151,93.91538814356151,102.08604900049689,132.94787486144554,1.0
246,0.06343175935999998,0.8006399999999997,3.406435732081201,0.8357778320146023,116.25342607973423,117.19794435215947,114.84822120708749,114.84822120708749,117.19794435215947,116.25342607973423,1.0
247,0.054518950912,1.4612159999999996,3.666670740459392,0.7875320933653865,107.16717308972206,108.8133953189871,115.59038165943016,115.59038165943016,108.8133953189871,107.16717308972206,1.0
248,0.09028478822400005,0.4291680000000001,2.9996569287858708,0.8798410271129905,80.7141265597148,74.04924242424242,70.18967245989305,70.18967245989305,74.04924242424242,80.7141265597148,1.0
249,0.06386784256,0.9767999999999998,3.44816570736061,0.8240322085364088,95.97739772221162,103.83722847871731,80.13101355220462,80.13101355220462,103.83722847871731,95.97739772221162,1.0
250,0.06291238707199998,0.5450719999999999,3.366595149790116,0.8630786877916337,143.1663667090997,139.57793775514682,129.89789737061585,129.89789737061585,139.57793775514682,143.1663667090997,1.0
251,0.08604624998399997,0.748976,3.0455330825747327,0.8298026319330257,54.19394241555528,65.9436671652333,53.29884394864764,53.29884394864764,65.9436671652333,54.19394241555528,1.0
252,0.06970200832000005,0.518208,3.3210470708328117,0.8652390994902723,103.45646575817267,110.58599327782781,97.51489300420563,97.51489300420563,110.58599327782781,103.45646575817267,1.0
253,0.08358764595199994,0.7497920000000002,3.2323294515257444,0.838747186107375,82.00141544412378,82.66908419512586,82.64922914662498,82.64922914662498,82.66908419512586,82.00141544412378,1.0
254,0.060061191679999994,0.7776639999999999,3.5019059214679777,0.8325792703632139,123.91201835553213,120.39520943053851,118.22813451864714,118.22813451864714,120.39520943053851,123.91201835553213,1.0
255,0.05732165939199999,0.4949440000000001,3.3736547322185695,0.848568717368228,117.16711751445654,112.4958443595021,100.84255611094775,100.84255611094775,112.4958443595021,117.16711751445654,1.0
256,0.05577955071999997,0.7765440000000006,3.537032956713516,0.8189682718993486,109.2396336996337,107.10597802197802,113.24272527472527,113.24272527472527,107.10597802197802,109.2396336996337,1.0
257,0.043480857087999966,0.988768,3.6746027971697237,0.8083051688032746,120.26290333267077,117.62241793189915,118.38862641367113,118.38862641367113,117.62241793189915,120.26290333267077,1.0
258,0.06569356748799995,0.309552,3.1240203401789994,0.9058688063387785,96.85125796350286,109.2693553611921,85.22843105496166,85.22843105496166,109.2693553611921,96.85125796350286,1.0
259,0.08369163468800005,1.052144,3.3065901909346462,0.834493691316755,123.25793289601708,125.21110448510719,120.33917642258561,120.33917642258561,125.21110448510719,123.25793289601708,1.0
260,0.047806733823999976,0.9250720000000007,3.5958579347825266,0.7907342251046809,118.37577033833917,118.89045952968324,113.27914622592839,113.27914622592839,118.89045952968324,118.37577033833917,1.0
261,0.08515987814400007,0.38924800000000015,3.080900756069972,0.8985296675045115,180.80054329371816,152.00108658743633,80.34750424448217,80.34750424448217,152.00108658743633,180.80054329371816,1.0
262,0.07494876774400008,0.659648,3.2652131479852304,0.8465499693265163,87.82146758564322,87.56899004267426,85.22344254693775,85.22344254693775,87.56899004267426,87.82146758564322,1.0
263,0.12267933644800001,0.2843840000000001,2.852196990157921,0.9049113403546529,68.55622755622755,55.18396018396018,64.87280287280288,64.87280287280288,55.18396018396018,68.55622755622755,1.0
264,0.129183764992,0.7316480000000004,2.9195062782072587,0.8716775793161692,71.34077192982456,70.92542923976607,69.30897543859649,69.30897543859649,70.92542923976607,71.34077192982456,1.0
265,0.13688466585599987,0.37150399999999995,2.6632492478821432,0.9072725666625898,51.22093103448276,57.990034482758624,54.44396551724138,54.44396551724138,57.990034482758624,51.22093103448276,1.0
266,0.113971282944,1.1703999999999992,3.280341915726178,0.8326323898266531,104.05130937594099,94.98095688422163,86.76611431044866,86.76611431044866,94.98095688422163,104.05130937594099,1.0
267,0.056328419328,0.8272000000000003,3.4869445804608548,0.7949056449319508,89.74418594104309,90.16145124716553,89.71891609977324,89.71891609977324,90.16145124716553,89.74418594104309,1.0
268,0.05132938751999999,0.9311520000000004,3.5852323813752727,0.8214786142863625,116.45723040477907,114.15508806262231,108.64565094242455,108.64565094242455,114.15508806262231,116.45723040477907,1.0
269,0.10705956249600004,0.829856,3.232498093223968,0.8279025897928445,84.06440917107584,97.30146384479718,87.81125220458554,87.81125220458554,97.30146384479718,84.06440917107584,1.0
270,0.13998435379199994,0.379984,2.807006995838758,0.8669378909624554,55.574608118971064,55.13986580028582,55.46954827617006,55.46954827617006,55.13986580028582,55.574608118971064,1.0
271,0.09214371276799994,0.21924800000000005,2.91857924381763,0.9126507057355999,66.32235613508288,68.31870346756612,66.39162930360742,66.39162930360742,68.31870346756612,66.32235613508288,1.0
272,0.03727792639999999,1.2504160000000004,3.843273341322123,0.7556234158458761,109.10882862775938,103.58849580393503,90.64113445129944,90.64113445129944,103.58849580393503,109.10882862775938,1.0
273,0.06914589337599995,0.5720000000000001,3.2949000744156143,0.8661109602818139,101.40852208941425,97.53203900592133,94.31330757885932,94.31330757885932,97.53203900592133,101.40852208941425,1.0
274,0.050978771456,0.8703520000000007,3.547557062044174,0.8150692338298401,88.62671653721799,112.57829258980875,75.81652290108212,75.81652290108212,112.57829258980875,88.62671653721799,1.0
275,0.08504416614400002,0.6904800000000002,3.1678843466055824,0.8487924352478241,99.84159317465365,117.71972946014824,139.3895621882335,139.3895621882335,117.71972946014824,99.84159317465365,1.0
276,0.09720512614400005,0.603712,3.1272221673389065,0.8493153076189314,73.72971161524796,70.9489683664988,70.51184015384867,70.51184015384867,70.9489683664988,73.72971161524796,1.0
277,0.038551891455999986,0.8171200000000003,3.666217048912065,0.7927103239594697,108.03028942115769,99.79244011976049,82.43645209580838,82.43645209580838,99.79244011976049,108.03028942115769,1.0
278,0.04497151539199999,1.434112,3.6392677036882057,0.8124258647434471,132.9152329975423,136.1360439475039,135.21555389333048,135.21555389333048,136.1360439475039,132.9152329975423,1.0
279,0.06538494515200007,0.8202880000000002,3.42743558194667,0.7859348119652686,73.225620790188,74.53882828993666,70.26025937468583,70.26025937468583,74.53882828993666,73.225620790188,1.0
280,0.07779276236799997,0.8992800000000009,3.3532134796654467,0.8361739622033242,124.91835664335665,126.38881285381285,122.5194055944056,122.5194055944056,126.38881285381285,124.91835664335665,1.0
281,0.14222183526399979,0.2241279999999999,2.5528289775396193,0.9094404835416406,40.55476804123711,45.423530379469184,41.11906393946041,41.11906393946041,45.423530379469184,40.55476804123711,1.0
282,0.07700326144000003,0.7076,3.281266641628401,0.8551988746847908,80.3192040688024,80.4972956700784,77.72847928842526,77.72847928842526,80.4972956700784,80.3192040688024,1.0
283,0.058406125055999986,0.7789120000000002,3.439715523882657,0.8023965527866681,88.0640517669453,89.82348650997268,94.07172784076802,94.07172784076802,89.82348650997268,88.0640517669453,1.0
284,0.05051103795199998,1.0040160000000005,3.556706279867039,0.7672820176759917,88.85990607820031,84.93027745574655,82.34850935321816,82.34850935321816,84.93027745574655,88.85990607820031,1.0
285,0.05579821055999999,0.6207200000000004,3.4627135494634502,0.8519739562610507,139.836961780358,135.85812772133528,128.0668440574101,128.0668440574101,135.85812772133528,139.836961780358,1.0
286,0.10075006873600002,0.9229120000000006,3.3228113446833083,0.8115535305555427,162.22340613670528,161.03130250243169,158.8644442479441,158.8644442479441,161.03130250243169,162.22340613670528,1.0
287,0.07747623884800012,0.7651359999999999,3.278574320892753,0.826225501885897,77.46883616365992,79.08536345627486,72.05014945535746,72.05014945535746,79.08536345627486,77.46883616365992,1.0
288,0.052964499455999986,1.0741759999999996,3.5181954656948147,0.8441954114559242,127.11586497563994,121.82341745503913,106.12190343618694,106.12190343618694,121.82341745503913,127.11586497563994,1.0
289,0.16065680793599985,0.2898399999999998,2.502044753472432,0.9122192850375684,38.49432748538012,46.66393762183236,36.76945419103314,36.76945419103314,46.66393762183236,38.49432748538012,1.0
290,0.055986792448000006,0.49723200000000023,3.368693326651885,0.8555512630246049,83.35336164189667,76.71318707242274,73.06450813871196,73.06450813871196,76.71318707242274,83.35336164189667,1.0
291,0.09870376243199998,0.8185119999999998,3.21534232231273,0.8265943156071914,53.28259551065494,59.43008581968198,66.41767141228901,66.41767141228901,59.43008581968198,53.28259551065494,1.0
292,0.0413096192,1.1372800000000003,3.6756333934911827,0.8013154724944204,102.87803530441406,106.72978269513573,100.3475486669065,100.3475486669065,106.72978269513573,102.87803530441406,1.0
293,0.04941654988799997,1.0329279999999994,3.6428816557178476,0.8210004014495317,130.83354713141946,126.34710487901977,122.0723153595494,122.0723153595494,126.34710487901977,130.83354713141946,1.0
294,0.06758599270399995,0.5122079999999998,3.274756311786015,0.8769924408814124,92.11529022631088,107.62685019642784,119.34320564702914,119.34320564702914,107.62685019642784,92.11529022631088,1.0
295,0.04432293580799997,1.0594720000000006,3.6866466830812508,0.7819708043534955,101.79447852760737,110.16749892994721,115.37670613972512,115.37670613972512,110.16749892994721,101.79447852760737,1.0
296,0.068934102016,1.5228960000000005,3.6093944469417862,0.7934426248333625,135.7412572988068,137.61730451891344,130.42350533130235,130.42350533130235,137.61730451891344,135.7412572988068,1.0
297,0.21492711884799998,0.6303040000000006,2.573534089699888,0.9023977083343794,159.88424365576128,185.88902580674997,176.0339946194001,176.0339946194001,185.88902580674997,159.88424365576128,1.0
298,0.08275673600000004,0.5353600000000002,3.13358069595583,0.8737485158037567,80.97376738204325,102.60229885057471,77.10703962703963,77.10703962703963,102.60229885057471,80.97376738204325,1.0
299,0.07615850444800004,0.7499839999999999,3.2849602959172217,0.8405360203536119,73.50658379773185,87.04039725047163,66.34679185549797,66.34679185549797,87.04039725047163,73.50658379773185,1.0
300,0.14833487001599982,0.4433440000000002,2.6699264259395377,0.8898684416080792,47.76696989109545,53.72644351911168,43.28265641682682,43.28265641682682,53.72644351911168,47.76696989109545,1.0
301,0.12995503718399992,0.5395679999999998,3.081280788334351,0.8628460664987159,125.64674032066577,129.03938875249258,131.75653837730673,131.75653837730673,129.03938875249258,125.64674032066577,1.0
302,0.09622016204800006,0.7209280000000001,3.1297047234890223,0.8547281283885458,95.74159908924706,94.56337976827395,93.26943481723252,93.26943481723252,94.56337976827395,95.74159908924706,1.0
303,0.05798798387199997,1.0947519999999993,3.5090704340834042,0.812294500926875,131.44449296881822,134.30354179404316,132.1473054415233,132.1473054415233,134.30354179404316,131.44449296881822,1.0
304,0.05987450521600001,0.7411680000000007,3.431794154764706,0.8312634179557772,82.54255827205384,81.00996798089707,81.86258377879685,81.86258377879685,81.00996798089707,82.54255827205384,1.0
305,0.05554508339199997,0.8844159999999999,3.554385493923557,0.8261651162352542,118.12005903187722,120.24491145218418,116.35761511216057,116.35761511216057,120.24491145218418,118.12005903187722,1.0
306,0.06806196736,0.7708640000000002,3.3891483296169254,0.8417550280221264,88.30718644067797,115.62054237288136,98.55708474576271,98.55708474576271,115.62054237288136,88.30718644067797,1.0
307,0.07119135129599999,0.9132320000000004,3.350819405952997,0.8416221409698822,121.09052350338148,122.87720798196544,124.40111213158553,124.40111213158553,122.87720798196544,121.09052350338148,1.0
308,0.0801931392,0.7416639999999997,3.2894039882868498,0.8351223982174869,112.37097484067304,117.29763521437113,120.90403608998173,120.90403608998173,117.29763521437113,112.37097484067304,1.0
309,0.066939677184,0.7409440000000002,3.4259698723386838,0.8296334121795981,153.32506506180871,152.94377575363262,153.48956300151812,153.48956300151812,152.94377575363262,153.32506506180871,1.0
310,0.08187994623999997,0.7687039999999999,3.1877405062849395,0.8564807995179534,63.07765134025638,84.36203502379973,116.97689495378572,116.97689495378572,84.36203502379973,63.07765134025638,0.0
311,0.11269088000000006,0.6793120000000002,2.9431411864400747,0.8750682550608967,57.60220520306798,62.50177114176502,76.50383821601694,76.50383821601694,62.50177114176502,57.60220520306798,0.0
312,0.05396616550400001,0.9911360000000006,3.644678710362127,0.785608061282001,103.61120878442985,112.21620246136763,112.75242898121589,112.75242898121589,112.21620246136763,103.61120878442985,0.0
313,0.086078620672,0.40328000000000014,3.1055643279319805,0.8781840188626635,96.10196502298045,140.6576848173249,95.22986192256758,95.22986192256758,140.6576848173249,96.10196502298045,0.0
314,0.07279323391999995,0.7760640000000004,3.3510177682339015,0.8310838363567059,98.33513868065967,101.28654422788605,98.16083208395803,98.16083208395803,101.28654422788605,98.33513868065967,0.0
315,0.0772156672,0.421184,3.159101179267078,0.8738200301127788,76.5616,102.98178543046357,80.95438410596026,80.95438410596026,102.98178543046357,76.5616,0.0
316,0.0920431124480001,1.0583519999999997,3.317163371474034,0.8381276956729791,93.0142411287996,91.10624459073146,91.17697487476724,91.17697487476724,91.10624459073146,93.0142411287996,0.0
317,0.10063726643200001,0.449344,3.1597247147618694,0.8613857607709631,80.82300465392817,110.0301634000328,74.68630832786616,74.68630832786616,110.0301634000328,80.82300465392817,0.0
318,0.16270291660799993,0.12667199999999998,2.472951332807999,0.9380016000000002,68.93557268722466,78.78961316079295,64.5473912444934,64.5473912444934,78.78961316079295,68.93557268722466,0.0
319,0.12601790463999993,0.7066240000000001,2.916132262972813,0.8795065898042373,61.18778877887789,61.596204620462046,64.58135948210206,64.58135948210206,61.596204620462046,61.18778877887789,0.0
320,0.04722161151999999,0.9936639999999999,3.5332488483502873,0.8118090702287475,92.07670021480044,95.20866246304509,90.5115816126201,90.5115816126201,95.20866246304509,92.07670021480044,0.0
321,0.06686442649599998,0.3711839999999998,3.173783023822004,0.8773720172777304,92.21702555891004,92.31999510727847,95.79133098705097,95.79133098705097,92.31999510727847,92.21702555891004,0.0
322,0.08427499878399998,0.5438079999999998,3.172079917298298,0.8424445111899223,68.86508055912684,69.09779932707826,59.22908745247148,59.22908745247148,69.09779932707826,68.86508055912684,0.0
323,0.09382622259199996,0.45988800000000024,3.0561250525393384,0.8675172412376171,82.59541386236302,86.68363050142712,85.12405299693435,85.12405299693435,86.68363050142712,82.59541386236302,0.0
324,0.061004994048000055,0.9868480000000003,3.393736748287906,0.8283622657751486,66.42199441260108,81.78552941437839,105.57814791055719,105.57814791055719,81.78552941437839,66.42199441260108,0.0
325,0.08938545152000019,0.760384,3.221259663870304,0.8796053135060438,89.49677904505744,92.69776406697532,78.46240080485376,78.46240080485376,92.69776406697532,89.49677904505744,0.0
326,0.05136667750400001,1.1747200000000009,3.6599440230042437,0.8075951208366968,128.9554148369898,125.83420323863588,125.80223098358252,125.80223098358252,125.83420323863588,128.9554148369898,0.0
327,0.10869933312000005,0.4375360000000001,2.8606841516849393,0.8689250410664058,84.77475487335123,83.79991537294269,82.53119236605579,82.53119236605579,83.79991537294269,84.77475487335123,0.0
328,0.058048230911999996,0.7461440000000003,3.52581653697635,0.8111137289861805,96.11701125489613,103.9308468441668,102.53618176409341,102.53618176409341,103.9308468441668,96.11701125489613,0.0
329,0.10704428748800006,0.646624,2.975216442232167,0.8394949403243486,42.7670054945055,52.368190737833594,53.77572213500785,53.77572213500785,52.368190737833594,42.7670054945055,0.0
330,0.06356323532799998,0.8967360000000001,3.4570664640077227,0.8326297786771133,109.24479758756446,106.10400038292627,104.7280984120526,104.7280984120526,106.10400038292627,109.24479758756446,0.0
331,0.1130447206399999,0.5083680000000002,2.860323436189196,0.8726753841177382,56.46081178538696,84.86885927350491,57.467381342308094,57.467381342308094,84.86885927350491,56.46081178538696,0.0
332,0.03440054579199999,1.0551999999999997,3.8509859715040564,0.770967640715245,113.56440859260387,118.8543265307848,118.2845782123968,118.2845782123968,118.8543265307848,113.56440859260387,0.0
333,0.10339101440000002,0.7502559999999997,3.1686257789885763,0.8206018105116117,63.28178514423814,69.38603879415292,77.2336095755969,77.2336095755969,69.38603879415292,63.28178514423814,0.0
334,0.11549919129599992,0.331056,2.7813059324868163,0.8993908681243333,76.6843661971831,96.78760563380281,71.63549295774648,71.63549295774648,96.78760563380281,76.6843661971831,0.0
335,0.05309358899200003,1.148416,3.5276537904345027,0.8120784099296897,71.93268265476854,88.23215575190066,112.37492588135146,112.37492588135146,88.23215575190066,71.93268265476854,0.0
336,0.035682817023999974,1.3035839999999999,3.892092154050185,0.7403576873612111,114.1211445180879,121.14852322237445,119.00867984843435,119.00867984843435,121.14852322237445,114.1211445180879,0.0
337,0.053308348927999974,1.0469760000000004,3.5041339414888326,0.8254779965360866,84.142829521189,94.90426754772706,94.20972176481212,94.20972176481212,94.90426754772706,84.142829521189,0.0
338,0.11473450393599995,0.3484480000000001,2.9149897160703753,0.8875844261709669,72.60413795898516,97.00737618545838,57.9193483018562,57.9193483018562,97.00737618545838,72.60413795898516,0.0
339,0.09825685708800004,0.6100000000000002,3.1448581307817536,0.8497823662272226,80.7849753852687,84.6961154645691,83.97055120209755,83.97055120209755,84.6961154645691,80.7849753852687,0.0
340,0.14756133171199978,0.7055840000000002,2.7190660595274387,0.8661522415360154,62.11383877526227,101.53576558614184,149.99892805076752,149.99892805076752,101.53576558614184,62.11383877526227,0.0
341,0.11885886463999996,0.6698880000000002,2.8004322456739934,0.8629820774914171,61.0965174861779,60.738214414237575,60.685832215570166,60.685832215570166,60.738214414237575,61.0965174861779,0.0
342,0.062556313088,0.6349440000000002,3.3029787283962633,0.8551890038701112,144.73419134457623,131.74232765808657,126.79628284784421,126.79628284784421,131.74232765808657,144.73419134457623,0.0
343,0.07332162560000004,0.774704,3.29749299048087,0.8537609902635355,89.51113364172106,102.15755655535138,127.13533046068056,127.13533046068056,102.15755655535138,89.51113364172106,0.0
344,0.07709562163200001,0.4815040000000002,3.106789457855232,0.8742732931471678,61.38769490739611,82.20463141455797,70.80033430126156,70.80033430126156,82.20463141455797,61.38769490739611,0.0
345,0.06203252275200002,0.49876799999999993,3.339181583290556,0.8610515023504957,93.800058097313,102.51191539578795,102.78392519970951,102.78392519970951,102.51191539578795,93.800058097313,0.0
346,0.08328588185599997,0.8524480000000008,3.119690844905337,0.8446655109119133,62.375712325875895,57.86299598986914,69.61891884761502,69.61891884761502,57.86299598986914,62.375712325875895,0.0
347,0.069594663424,0.44129599999999963,3.2663229098762514,0.8703816483893845,103.77546070755147,115.01654271314514,70.03416490841926,70.03416490841926,115.01654271314514,103.77546070755147,0.0
348,0.03988562534399997,1.1257279999999998,3.6863255989733124,0.779354167869809,85.3300483326747,92.94199167097304,97.16855336352859,97.16855336352859,92.94199167097304,85.3300483326747,0.0
349,0.1279497543679999,0.43712000000000006,2.8302675188163193,0.8922241322734504,106.71176496180692,108.58382278905857,109.65181828917355,109.65181828917355,108.58382278905857,106.71176496180692,0.0
350,0.08449970431999998,0.36616000000000015,3.014417063838702,0.8894072768380074,81.18421455938697,104.91258098223615,84.39017067223963,84.39017067223963,104.91258098223615,81.18421455938697,0.0
351,0.10557074687999997,0.890656,3.062838651432644,0.8288969702098385,78.83850298312592,80.41676996050043,75.21360338473235,75.21360338473235,80.41676996050043,78.83850298312592,0.0
352,0.08415579545599998,0.8558400000000003,3.221830886320529,0.8523535187434647,80.01158487760237,90.52264927934111,115.61635495309997,115.61635495309997,90.52264927934111,80.01158487760237,0.0
353,0.06203893811200001,1.349600000000001,3.585861847612704,0.7685945448087268,86.26363932883024,91.23676322438936,79.37782200128817,79.37782200128817,91.23676322438936,86.26363932883024,0.0
354,0.16140423321599967,0.5038400000000001,2.790270023257189,0.9087467045320495,69.67962529274004,76.42044831047173,99.36335229173636,99.36335229173636,76.42044831047173,69.67962529274004,0.0
355,0.05036796774400002,0.9229599999999999,3.536105999199349,0.8147130226881467,101.35782084443969,109.38452492988675,103.64271263616435,103.64271263616435,109.38452492988675,101.35782084443969,0.0
356,0.13419561420799989,0.13052800000000003,2.3874821305651146,0.9405948090497739,29.80907029478458,36.535487528344675,26.507180650037792,26.507180650037792,36.535487528344675,29.80907029478458,0.0
357,0.05808942336,0.8403040000000006,3.3744544231962217,0.8349827452787562,72.24120699781439,91.95307430122953,87.52965742675306,87.52965742675306,91.95307430122953,72.24120699781439,0.0
358,0.08574593792,0.7716160000000001,3.1540505694018206,0.823756693984615,59.63921131918208,57.41371924766518,53.90412035170901,53.90412035170901,57.41371924766518,59.63921131918208,0.0
359,0.08994352332800001,0.19081599999999996,2.8734316573476466,0.9080539366515842,93.38042137547087,99.56020602060207,92.85053505350535,92.85053505350535,99.56020602060207,93.38042137547087,0.0
360,0.06876104499200004,0.7371680000000003,3.327579027280688,0.8598273440425679,89.06437797091199,103.12137620102656,105.3327670068309,105.3327670068309,103.12137620102656,89.06437797091199,0.0
361,0.07172143718400002,0.713648,3.3228925048707847,0.845507973815442,92.33222561037451,90.07506372505934,90.59152744065287,90.59152744065287,90.07506372505934,92.33222561037451,0.0
362,0.08557919692800002,0.48276799999999986,3.022221684189897,0.8497144762920387,44.31991708270972,62.0796180779357,51.07766258452866,51.07766258452866,62.0796180779357,44.31991708270972,0.0
363,0.08117892249600005,0.8256159999999999,3.2350467912649217,0.8441020331910128,65.11798346220081,87.21188009398378,121.56838749485809,121.56838749485809,87.21188009398378,65.11798346220081,0.0
364,0.10948454144,0.41102399999999994,2.876507892762713,0.8755979389213637,57.476387390626876,65.74930480642455,72.64120819848975,72.64120819848975,65.74930480642455,57.476387390626876,0.0
365,0.04273472,0.9302720000000003,3.639195711104523,0.8055501876291192,127.39108694261404,116.27919902757341,114.65477704561448,114.65477704561448,116.27919902757341,127.39108694261404,0.0
366,0.1890844472319999,0.4211199999999998,2.6184767684559094,0.8788276973559987,46.4244522629138,62.35075963537502,46.24309398155552,46.24309398155552,62.35075963537502,46.4244522629138,0.0
367,0.03958525644800001,0.8026880000000001,3.7013003626774763,0.81259565994279,111.97469326912051,110.27378167641325,99.12558766196537,99.12558766196537,110.27378167641325,111.97469326912051,0.0
368,0.06789667788800001,0.3185600000000003,3.1266197540684675,0.8878051396844806,96.55172527201469,96.60731219338395,98.12084852139118,98.12084852139118,96.60731219338395,96.55172527201469,0.0
369,0.122508839424,0.45411200000000024,2.7863049009273166,0.8641177284578699,54.95767579173376,53.117592592592594,53.74346484165325,53.74346484165325,53.117592592592594,54.95767579173376,0.0
370,0.09272491059200003,0.7563199999999995,3.103570995009953,0.8590402102570223,58.69955944373893,68.25521011345761,86.29726102566515,86.29726102566515,68.25521011345761,58.69955944373893,0.0
371,0.092049785856,0.7334880000000003,3.1503335130888654,0.8549744859434695,144.39950913553312,147.56660303608763,138.70564494136897,138.70564494136897,147.56660303608763,144.39950913553312,0.0
372,0.058198823935999976,0.5808160000000004,3.34921331188928,0.8522483963511557,84.24811681222707,108.32942139737992,95.10756004366812,95.10756004366812,108.32942139737992,84.24811681222707,0.0
373,0.066425662464,1.1680000000000001,3.558622327589632,0.7831087695450358,80.40902970985057,76.3332694631584,68.74337985636875,68.74337985636875,76.3332694631584,80.40902970985057,0.0
374,0.10892470784000008,0.5610080000000001,2.928772385618601,0.847337503377767,88.02263210368893,111.04890329012962,79.01211365902293,79.01211365902293,111.04890329012962,88.02263210368893,0.0
375,0.06717158195199997,0.32142400000000004,3.1895593497337242,0.874293818349027,66.99925595238095,80.73725328947368,67.164179981203,67.164179981203,80.73725328947368,66.99925595238095,0.0
376,0.06782928896000005,0.515872,3.2891532367774365,0.856070897272958,101.92138156828422,99.83061363415345,99.20106000194495,99.20106000194495,99.83061363415345,101.92138156828422,0.0
377,0.10045626470400004,0.5091839999999997,3.12881310759665,0.8481716739518641,65.27563636363637,94.6925,74.99088636363636,74.99088636363636,94.6925,65.27563636363637,0.0
378,0.06769062348799995,0.719808,3.424395982916474,0.8270122573266477,95.73916743730985,101.70008242531462,106.01465562301476,106.01465562301476,101.70008242531462,95.73916743730985,0.0
379,0.08278081996799995,0.5590559999999999,3.144146373425067,0.8869362341787947,87.87855880216019,140.48790887369202,126.82545671762529,126.82545671762529,140.48790887369202,87.87855880216019,0.0
380,0.0867408778240001,1.363296000000001,3.2527376022212247,0.8457002325172102,104.70313202614379,102.68828932461874,92.67918431372549,92.67918431372549,102.68828932461874,104.70313202614379,0.0
381,0.09250476748800003,0.4957599999999998,2.995634936733257,0.8827479655423749,54.3538699238747,55.19945094294581,58.13496326357391,58.13496326357391,55.19945094294581,54.3538699238747,0.0
382,0.08770604288000011,0.6032799999999999,3.2127702261273607,0.8502361305319797,80.36699690402477,88.3048245614035,90.24874097007223,90.24874097007223,88.3048245614035,80.36699690402477,0.0
383,0.08825564928000006,0.8430559999999996,3.1893518863926924,0.8467224631821281,57.864739333605996,80.09733981917384,113.65077838787995,113.65077838787995,80.09733981917384,57.864739333605996,0.0
384,0.07858148710400002,0.6433599999999999,3.1798924369268233,0.8350468123182508,68.80160550458716,103.43182641236118,74.38664896185418,74.38664896185418,103.43182641236118,68.80160550458716,0.0
385,0.11194289203200002,0.5712640000000005,2.9256175763047723,0.8576634878121558,45.77864795687234,51.306333242729,54.08809572347558,54.08809572347558,51.306333242729,45.77864795687234,0.0
386,0.09821174784000007,0.42555200000000015,2.9331035562447902,0.8679617904659409,55.62374627270263,123.4635402548116,83.98362699918677,83.98362699918677,123.4635402548116,55.62374627270263,0.0
387,0.09140538163200003,0.4722879999999999,3.000072592683529,0.8919458538123278,63.117644051532935,60.541367132812134,53.19331928080414,53.19331928080414,60.541367132812134,63.117644051532935,0.0
388,0.08089000806399997,0.7528800000000001,3.286324072108785,0.8524449582387695,104.25921040451726,100.62724474682959,90.75978894751458,90.75978894751458,100.62724474682959,104.25921040451726,0.0
389,0.05580731289599997,1.0104,3.461747928484363,0.8393059086848268,84.2884291601749,94.33553843963077,92.42255113836256,92.42255113836256,94.33553843963077,84.2884291601749,0.0
390,0.04735542630399997,0.8403840000000005,3.647182701616727,0.7871591035538701,106.16306023408507,117.28786754210677,114.60739366257494,114.60739366257494,117.28786754210677,106.16306023408507,0.0
391,0.114250847744,0.7602400000000001,2.9342372692635044,0.8846306867354244,70.51194783441015,68.74981574539363,51.737066283799955,51.737066283799955,68.74981574539363,70.51194783441015,0.0
392,0.13987791923199985,0.2937759999999997,2.5352974573585905,0.9064695033190652,38.29841845994296,83.39227378791807,57.76861251271415,57.76861251271415,83.39227378791807,38.29841845994296,0.0
393,0.06199901286399997,0.8619200000000008,3.384314085722168,0.8208753074622148,82.29815314785733,75.14573378624634,68.2572450684828,68.2572450684828,75.14573378624634,82.29815314785733,0.0
394,0.04971273932799998,0.9913280000000001,3.5220003330610954,0.7998768563472796,72.56347195646732,99.3262705775022,95.91027845730295,95.91027845730295,99.3262705775022,72.56347195646732,0.0
395,0.14899601407999993,0.17143999999999995,2.5282398811923383,0.926399485972851,60.95759897828864,71.05063856960409,54.86491060025543,54.86491060025543,71.05063856960409,60.95759897828864,0.0
396,0.10218960998400008,0.5248800000000005,2.996936483095353,0.8745717947590059,93.32753968253968,92.1796626984127,85.61039682539682,85.61039682539682,92.1796626984127,93.32753968253968,0.0
397,0.10896647014399992,0.13584000000000002,2.625327108022461,0.9370287830549099,12.916726489590811,20.311153984206747,12.97334888729361,12.97334888729361,20.311153984206747,12.916726489590811,0.0
398,0.11450396006400002,0.3360640000000001,2.8090359443827158,0.9103198660829154,81.96685281931184,86.74653215636822,70.70221581696991,70.70221581696991,86.74653215636822,81.96685281931184,0.0
399,0.11523900927999994,0.826592,3.082930460356898,0.8432267557389688,60.812191526293084,82.3053401405604,121.12763890445764,121.12763890445764,82.3053401405604,60.812191526293084,0.0
400,0.08968122419200003,0.519984,3.059741482970564,0.8813586227077709,114.35779727095516,114.2543372319688,108.40289961013646,108.40289961013646,114.2543372319688,114.35779727095516,0.0
401,0.15762336409599983,0.620384,2.558988666000358,0.8824366032619148,62.616329056504014,61.6799662940588,58.174676083501815,58.174676083501815,61.6799662940588,62.616329056504014,0.0
402,0.26300346419199905,0.5919199999999997,2.0756091465152253,0.9307552937241916,33.74770631103197,33.45319471193396,35.411586516592955,35.411586516592955,33.45319471193396,33.74770631103197,0.0
403,0.04761550438399999,0.962368000000001,3.55104010144111,0.8069876258034615,77.56946872777803,104.50399832336267,118.91870673851633,118.91870673851633,104.50399832336267,77.56946872777803,0.0
404,0.062060597248,0.7447360000000003,3.4254875280604176,0.8357395178084874,78.71639259284233,87.82693628731815,85.79103416159539,85.79103416159539,87.82693628731815,78.71639259284233,0.0
405,0.15367315967999987,0.2824960000000001,2.5103762500502884,0.9141011223079609,64.89750889679715,68.29685190254585,75.19388630349485,75.19388630349485,68.29685190254585,64.89750889679715,0.0
406,0.06565988249599998,0.6971200000000001,3.3328378888000443,0.8451980216824704,55.23288443188161,70.2909781610644,78.00572349350954,78.00572349350954,70.2909781610644,55.23288443188161,0.0
407,0.12814110975999976,0.45763200000000015,2.6170157434087953,0.9152538854400378,32.381492656875835,48.04793858477971,89.2974873164219,89.2974873164219,48.04793858477971,32.381492656875835,0.0
408,0.03570495078400002,1.2106879999999989,3.7884639364745216,0.7573832577795503,107.94005707388921,106.48076569020539,111.74378119630146,111.74378119630146,106.48076569020539,107.94005707388921,0.0
409,0.04879291084800001,0.610128,3.4724895432052096,0.8435567382062112,103.02152952095516,109.28624193805082,101.64309812059872,101.64309812059872,109.28624193805082,103.02152952095516,0.0
410,0.0692130314240001,0.8403200000000003,3.351669791234974,0.8407665070189722,82.59968327369363,99.33806997579329,122.92385659501132,122.92385659501132,99.33806997579329,82.59968327369363,0.0
411,0.14498590822399968,0.7026400000000002,2.901024901909101,0.8665455410222312,62.2002699922408,82.58258462273061,124.38117883738322,124.38117883738322,82.58258462273061,62.2002699922408,0.0
412,0.1432213616639997,0.7314559999999998,2.851463415928827,0.8650649970071226,59.830495936993486,77.36731164013682,115.5836727589749,115.5836727589749,77.36731164013682,59.830495936993486,0.0
413,0.05598409267200002,0.6885440000000003,3.4201705648632186,0.8412364593352557,104.68597327836211,100.27651016829863,98.50448924386303,98.50448924386303,100.27651016829863,104.68597327836211,0.0
414,0.09622492928000002,0.5899679999999995,3.0292629163623515,0.825804084783196,65.49185660640993,73.41896995895554,65.64359553750764,65.64359553750764,73.41896995895554,65.49185660640993,0.0
415,0.08723086745600003,0.9073919999999994,3.28753484398658,0.8390336962250412,86.37482671742288,84.04519374642433,80.923183558509,80.923183558509,84.04519374642433,86.37482671742288,0.0
416,0.05069624166400002,0.53872,3.4461790895846303,0.8463635622648895,80.34125534296128,103.47627956272031,113.04057371725212,113.04057371725212,103.47627956272031,80.34125534296128,0.0
417,0.08877364940800002,0.6268960000000001,3.2140863895668463,0.8635685668582608,180.3879138412445,68.96788479437063,78.8714368997576,78.8714368997576,68.96788479437063,180.3879138412445,0.0
418,0.08680180582399996,0.41847999999999985,2.97395788165656,0.9036625969230768,73.71720775075018,121.57836940560557,120.33823683658485,120.33823683658485,121.57836940560557,73.71720775075018,0.0
419,0.089620669952,0.59888,3.05009807347748,0.8697585784889793,69.96800914114475,129.0183326539381,100.22820597164797,100.22820597164797,129.0183326539381,69.96800914114475,0.0
420,0.09218272870400002,0.5944960000000002,3.1492376184503437,0.8612487575189184,82.88176348151717,79.9573808636533,83.32125230637787,83.32125230637787,79.9573808636533,82.88176348151717,0.0
421,0.06286558412799997,0.3455519999999998,3.1960252158201947,0.8828651710896418,76.66131357304826,79.31865889212828,81.51630223517978,81.51630223517978,79.31865889212828,76.66131357304826,0.0
422,0.07876567961600006,0.9454720000000003,3.274573665185387,0.8439478338560579,92.91127739882279,99.40253409652229,112.98718246022858,112.98718246022858,99.40253409652229,92.91127739882279,0.0
423,0.0656355287040001,1.7030400000000003,3.689830585191696,0.7519143445575496,95.44439890938895,87.75415251827442,85.58275764013182,85.58275764013182,87.75415251827442,95.44439890938895,0.0
424,0.07926221568000008,0.5729439999999999,3.0170574856702417,0.8701012062488183,56.12435965377142,78.38011066094558,97.48167712304334,97.48167712304334,78.38011066094558,56.12435965377142,0.0
425,0.11774224844799999,0.22662399999999996,2.7267252223242173,0.9272192983813612,84.58881811748054,101.65513092710545,71.21188959660297,71.21188959660297,101.65513092710545,84.58881811748054,0.0
426,0.11979458815999998,0.7385280000000003,3.042958997202319,0.8542689242000008,66.0601528747092,85.31006979062812,122.83385388053526,122.83385388053526,85.31006979062812,66.0601528747092,0.0
427,0.08936867891200001,0.5625920000000002,3.1507811067439135,0.8671960255358122,132.47771411924646,133.85566129345503,124.53883278306468,124.53883278306468,133.85566129345503,132.47771411924646,0.0
428,0.06392335411199997,0.9732000000000003,3.362425106340879,0.8192323573065494,52.89574730754371,83.15334323384526,90.90510902636917,90.90510902636917,83.15334323384526,52.89574730754371,0.0
429,0.0912617456640001,0.5274239999999999,3.1109880833794623,0.8736013886364189,76.07722377093855,79.22597737904508,81.12535216601654,81.12535216601654,79.22597737904508,76.07722377093855,0.0
430,0.12166067558399997,0.7952800000000004,3.0161787343815094,0.853801708040637,54.10874051391293,76.69420960369236,115.82933919140815,115.82933919140815,76.69420960369236,54.10874051391293,0.0
431,0.07587697049599999,0.516288,3.0985730139929384,0.888283656108598,115.10504649297016,71.58914769464137,87.76421203074104,87.76421203074104,71.58914769464137,115.10504649297016,0.0
432,0.074446555648,0.6714080000000003,3.2751300676367534,0.8559007493995349,71.04816711279813,84.47561681330495,90.12398111986309,90.12398111986309,84.47561681330495,71.04816711279813,0.0
433,0.12149559347200001,0.5057120000000004,2.7468351234868846,0.9056267310162653,65.58497329059828,84.57336538461539,122.91631944444444,122.91631944444444,84.57336538461539,65.58497329059828,0.0
434,0.10552811366400004,0.45201600000000003,2.9452259368880935,0.8833588163423877,45.15911077806919,81.05650056200824,177.06109654052705,177.06109654052705,81.05650056200824,45.15911077806919,0.0
435,0.050786153983999945,0.9986240000000004,3.515167973982002,0.8080177403416847,78.26415826699166,78.22808151832865,78.17406930556845,78.17406930556845,78.22808151832865,78.26415826699166,0.0
436,0.0801580544,0.7438720000000003,3.190111909472818,0.8724710245368656,98.29579044158874,95.50433963533607,88.43665478032699,88.43665478032699,95.50433963533607,98.29579044158874,0.0
437,0.09086479206400012,0.616208,3.023009466802994,0.903473836536984,101.92443561872909,67.96554675494893,77.42850888095454,77.42850888095454,67.96554675494893,101.92443561872909,0.0
438,0.10723851571200003,0.7174720000000001,3.1214880208935742,0.8313672680738649,62.49598189993413,63.419027980639804,52.5959962196065,52.5959962196065,63.419027980639804,62.49598189993413,0.0
439,0.10124142643200001,0.5266560000000003,2.942639495122672,0.8731942342005096,63.22272504710892,63.12576439392173,63.705249703780794,63.705249703780794,63.12576439392173,63.22272504710892,0.0
440,0.07684359833599995,0.770576,3.2536003518992596,0.8419862698611494,85.49242749731472,84.99522824919441,84.57960257787326,84.57960257787326,84.99522824919441,85.49242749731472,0.0
441,0.07289788262400006,0.7015040000000002,3.3635443801571765,0.8295168830813329,94.0472957631352,93.98927160437763,91.40016915671404,91.40016915671404,93.98927160437763,94.0472957631352,0.0
442,0.06184567961599997,0.7240960000000006,3.3123331995358942,0.843398652566121,83.99751370648987,84.92094254506597,86.36665695221095,86.36665695221095,84.92094254506597,83.99751370648987,0.0
443,0.11224737433599997,0.5855199999999998,2.811793347187209,0.870225619565169,72.45863446736001,76.34073682355015,78.76764939185617,78.76764939185617,76.34073682355015,72.45863446736001,0.0
444,0.05069505536000001,0.9575840000000011,3.563245732407464,0.8224295338928667,83.25897495944247,98.58820418922151,114.39326942329672,114.39326942329672,98.58820418922151,83.25897495944247,0.0
445,0.07470035967999997,0.44828799999999996,3.151000498428013,0.848503844050385,69.88904096197086,105.05588034020921,77.4741030403754,77.4741030403754,105.05588034020921,69.88904096197086,0.0
446,0.069279312896,0.25072000000000005,3.1306596873293655,0.8887633230769231,101.04966680549771,110.63568999028183,84.94219422462862,84.94219422462862,110.63568999028183,101.04966680549771,0.0
447,0.08209385062399992,0.4572160000000002,3.055107224672388,0.8653310887024579,75.9638269724799,83.6175334963927,81.64609195932746,81.64609195932746,83.6175334963927,75.9638269724799,0.0
448,0.037667181056000025,1.9596959999999999,3.914390633112834,0.7465004861047154,104.03916780722491,101.41459810874704,85.80610768943636,85.80610768943636,101.41459810874704,104.03916780722491,0.0
449,0.07966591948800006,0.6678400000000004,3.1820999994532206,0.8597515266363711,87.07502712000235,89.1719066094622,93.74631314562708,93.74631314562708,89.1719066094622,87.07502712000235,0.0
450,0.09493995417599997,0.7910080000000004,3.2171903056181335,0.8341358434355454,124.2937913766502,129.99040256368752,132.53585822676914,132.53585822676914,129.99040256368752,124.2937913766502,0.0
451,0.07022821836800007,1.598416,3.499437499946791,0.7988916030370732,105.57290426137834,107.06455927786119,102.63170317057595,102.63170317057595,107.06455927786119,105.57290426137834,0.0
452,0.06580131225600007,1.2229600000000003,3.4913290946257844,0.7795103275978124,72.31697804270037,80.43155706414254,76.90056204063985,76.90056204063985,80.43155706414254,72.31697804270037,0.0
453,0.07132502630399999,0.8557120000000005,3.37281884008742,0.8346894126598395,86.38490635817628,86.50474915431423,89.40451936447823,89.40451936447823,86.50474915431423,86.38490635817628,0.0
454,0.09034894643200013,0.5491040000000001,3.0629951201652657,0.8756687594570136,74.17614387667713,77.78248358549814,53.27386582928918,53.27386582928918,77.78248358549814,74.17614387667713,0.0
455,0.07248284723199994,0.6003840000000001,3.1987725857811324,0.8289790525424969,67.88636969350847,69.12531251982993,71.78887619772829,71.78887619772829,69.12531251982993,67.88636969350847,0.0
456,0.09419400755199997,0.4164800000000001,3.013750235891873,0.8672899899716927,75.16347035702587,87.3247297739928,74.12186374058304,74.12186374058304,87.3247297739928,75.16347035702587,0.0
457,0.06320875059199993,0.7943040000000006,3.3276057090256357,0.8480623003713866,53.21915039658328,73.36837607221045,88.32541811721639,88.32541811721639,73.36837607221045,53.21915039658328,0.0
458,0.06925756671999998,0.44641599999999976,3.1529840533810187,0.8763842970673842,75.79098607845792,76.08392314225576,76.19097500030773,76.19097500030773,76.08392314225576,75.79098607845792,0.0
459,0.08061074995200017,0.8430560000000004,3.242524211174038,0.8504384650668682,74.37940538135324,89.6523619473125,116.46734047093652,116.46734047093652,89.6523619473125,74.37940538135324,0.0
460,0.05982798131199999,0.8929280000000004,3.4387699444425834,0.8196298903910131,99.51080839160839,116.79122097902098,114.43916223776223,114.43916223776223,116.79122097902098,99.51080839160839,0.0
461,0.08566341529600004,0.5766400000000002,2.9938918466724314,0.8689422263999266,80.55161830357143,82.16038212159864,83.74499096513605,83.74499096513605,82.16038212159864,80.55161830357143,0.0
462,0.10909871104000002,0.29184000000000004,2.795659278075509,0.896726916336064,74.36649185909228,79.57896543203097,86.07359764970758,86.07359764970758,79.57896543203097,74.36649185909228,0.0
463,0.08334054143999998,0.1704480000000001,2.837507552462176,0.9216663095022621,17.624769999123806,26.316568825024095,17.578901252957156,17.578901252957156,26.316568825024095,17.624769999123806,0.0
464,0.12886515609599977,0.620688,2.7198494074821578,0.9137288055042679,61.88259007803477,70.45756261092487,60.24280361720709,60.24280361720709,70.45756261092487,61.88259007803477,0.0
465,0.08488825600000001,0.40401600000000004,3.003859728870208,0.8809312454328466,89.85985797827902,97.88961988304094,77.3015873015873,77.3015873015873,97.88961988304094,89.85985797827902,0.0
466,0.10700789299199996,0.4750080000000001,2.9027804272355127,0.8687960153601565,59.091667970583636,63.968201376936314,68.34311531841652,68.34311531841652,63.968201376936314,59.091667970583636,0.0
467,0.13779942348799992,0.4026239999999999,2.643594828447589,0.8959262641204802,77.38283225439189,85.56247931477289,79.89775871427247,79.89775871427247,85.56247931477289,77.38283225439189,0.0
468,0.054324848640000006,0.4718240000000002,3.339773158666704,0.8522477271566586,132.2689513959467,123.94221916661685,110.85702756023196,110.85702756023196,123.94221916661685,132.2689513959467,0.0
469,0.059693100544,0.48187199999999997,3.2472936969833244,0.8709212683380211,52.587143559488695,99.11593534906588,117.4360558013766,117.4360558013766,99.11593534906588,52.587143559488695,0.0
470,0.07019372441600003,0.633344,3.248320688273615,0.8441107167909992,83.54533635931728,106.96270815091702,116.20767660189334,116.20767660189334,106.96270815091702,83.54533635931728,0.0
471,0.05710517759999997,0.9792640000000002,3.440989069241217,0.8154903510136989,55.71380514192246,100.58265754947115,65.52503775284991,65.52503775284991,100.58265754947115,55.71380514192246,0.0
472,0.12586700544000004,0.15550400000000003,2.6452203077623637,0.9273488000000003,90.51913739098033,82.9781145565272,89.53329102574553,89.53329102574553,82.9781145565272,90.51913739098033,0.0
